{"exact_match": 75.93188268684958, "f1": 84.55026998841956}